metin,kategori
kart şifremi değiştirmek istiyorum,Kart Şifresi Değiştirme
kartımın şifresini değiştirmek istiyorum,Kart Şifresi Değiştirme
kredi kartımın şifresini unuttum,Kart Şifresi Değiştirme
kart şifremi hatırlamıyorum,Kart Şifresi Değiştirme
kart şifresi almak istiyorum,Kart Şifresi Değiştirme
kartımın şifresini değiştirmek rica ediyorum,Kart Şifresi Değiştirme
kartımın şifresini değiştirmek lütfen yardımcı olun,Kart Şifresi Değiştirme
kartımın şifresini değiştirmek yardımcı olabilir misiniz,Kart Şifresi Değiştirme
kartımın şifresini değiştirmek teşekkür ederim,Kart Şifresi Değiştirme
kartımın şifresini yenilemek istiyorum,Kart Şifresi Değiştirme
kartımın şifresini yenilemek rica ediyorum,Kart Şifresi Değiştirme
kartımın şifresini yenilemek lütfen yardımcı olun,Kart Şifresi Değiştirme
kartımın şifresini yenilemek yardımcı olabilir misiniz,Kart Şifresi Değiştirme
kartımın şifresini yenilemek teşekkür ederim,Kart Şifresi Değiştirme
kartımın şifresini sıfırlamak istiyorum,Kart Şifresi Değiştirme
kartımın şifresini sıfırlamak rica ediyorum,Kart Şifresi Değiştirme
kartımın şifresini sıfırlamak lütfen yardımcı olun,Kart Şifresi Değiştirme
kartımın şifresini sıfırlamak yardımcı olabilir misiniz,Kart Şifresi Değiştirme
kartımın şifresini sıfırlamak teşekkür ederim,Kart Şifresi Değiştirme
kartımın şifresini güncellemek istiyorum,Kart Şifresi Değiştirme
kartımın şifresini güncellemek rica ediyorum,Kart Şifresi Değiştirme
kartımın şifresini güncellemek lütfen yardımcı olun,Kart Şifresi Değiştirme
kartımın şifresini güncellemek yardımcı olabilir misiniz,Kart Şifresi Değiştirme
kartımın şifresini güncellemek teşekkür ederim,Kart Şifresi Değiştirme
kartımın şifresini tekrar ayarlamak istiyorum,Kart Şifresi Değiştirme
kartımın şifresini tekrar ayarlamak rica ediyorum,Kart Şifresi Değiştirme
kartımın şifresini tekrar ayarlamak lütfen yardımcı olun,Kart Şifresi Değiştirme
kartımın şifresini tekrar ayarlamak yardımcı olabilir misiniz,Kart Şifresi Değiştirme
kartımın şifresini tekrar ayarlamak teşekkür ederim,Kart Şifresi Değiştirme
kredi kartımın şifresini değiştirmek istiyorum,Kart Şifresi Değiştirme
kredi kartımın şifresini değiştirmek rica ediyorum,Kart Şifresi Değiştirme
kredi kartımın şifresini değiştirmek lütfen yardımcı olun,Kart Şifresi Değiştirme
kredi kartımın şifresini değiştirmek yardımcı olabilir misiniz,Kart Şifresi Değiştirme
kredi kartımın şifresini değiştirmek teşekkür ederim,Kart Şifresi Değiştirme
kredi kartımın şifresini yenilemek istiyorum,Kart Şifresi Değiştirme
kredi kartımın şifresini yenilemek rica ediyorum,Kart Şifresi Değiştirme
kredi kartımın şifresini yenilemek lütfen yardımcı olun,Kart Şifresi Değiştirme
kredi kartımın şifresini yenilemek yardımcı olabilir misiniz,Kart Şifresi Değiştirme
kredi kartımın şifresini yenilemek teşekkür ederim,Kart Şifresi Değiştirme
kredi kartımın şifresini sıfırlamak istiyorum,Kart Şifresi Değiştirme
kredi kartımın şifresini sıfırlamak rica ediyorum,Kart Şifresi Değiştirme
kredi kartımın şifresini sıfırlamak lütfen yardımcı olun,Kart Şifresi Değiştirme
kredi kartımın şifresini sıfırlamak yardımcı olabilir misiniz,Kart Şifresi Değiştirme
kredi kartımın şifresini sıfırlamak teşekkür ederim,Kart Şifresi Değiştirme
kredi kartımın şifresini güncellemek istiyorum,Kart Şifresi Değiştirme
kredi kartımın şifresini güncellemek rica ediyorum,Kart Şifresi Değiştirme
kredi kartımın şifresini güncellemek lütfen yardımcı olun,Kart Şifresi Değiştirme
kredi kartımın şifresini güncellemek yardımcı olabilir misiniz,Kart Şifresi Değiştirme
kredi kartımın şifresini güncellemek teşekkür ederim,Kart Şifresi Değiştirme
kredi kartımın şifresini tekrar ayarlamak istiyorum,Kart Şifresi Değiştirme
kredi kartımın şifresini tekrar ayarlamak rica ediyorum,Kart Şifresi Değiştirme
kredi kartımın şifresini tekrar ayarlamak lütfen yardımcı olun,Kart Şifresi Değiştirme
kredi kartımın şifresini tekrar ayarlamak yardımcı olabilir misiniz,Kart Şifresi Değiştirme
kredi kartımın şifresini tekrar ayarlamak teşekkür ederim,Kart Şifresi Değiştirme
banka kartımın şifresini değiştirmek istiyorum,Kart Şifresi Değiştirme
kredi kartı borcumu öğrenmek istiyorum,Kredi Kartı Borcu
kredi kartı borcumu ödemek istiyorum,Kredi Kartı Borcu
kredi kartımın ne kadar borcu var,Kredi Kartı Borcu
kredi kart son ödeme tarihi nedir,Kredi Kartı Borcu
kredi kartı borcumu öğrenmek lütfen,Kredi Kartı Borcu
kredi kartı borcumu öğrenmek rica ederim,Kredi Kartı Borcu
kredi kartı borcumu öğrenmek yardım edin,Kredi Kartı Borcu
kredi kartı borcumu öğrenmek teşekkürler,Kredi Kartı Borcu
kredi kartı borcumu ödemek lütfen,Kredi Kartı Borcu
kredi kartı borcumu ödemek rica ederim,Kredi Kartı Borcu
kredi kartı borcumu ödemek yardım edin,Kredi Kartı Borcu
kredi kartı borcumu ödemek teşekkürler,Kredi Kartı Borcu
kredi kartı borcumu sorgulamak istiyorum,Kredi Kartı Borcu
kredi kartı borcumu sorgulamak lütfen,Kredi Kartı Borcu
kredi kartı borcumu sorgulamak rica ederim,Kredi Kartı Borcu
kredi kartı borcumu sorgulamak yardım edin,Kredi Kartı Borcu
kredi kartı borcumu sorgulamak teşekkürler,Kredi Kartı Borcu
kredi kartı borcumu görmek istiyorum,Kredi Kartı Borcu
kredi kartı borcumu görmek lütfen,Kredi Kartı Borcu
kredi kartı borcumu görmek rica ederim,Kredi Kartı Borcu
kredi kartı borcumu görmek yardım edin,Kredi Kartı Borcu
kredi kartı borcumu görmek teşekkürler,Kredi Kartı Borcu
kredi kartı borcumu tarihini öğrenmek istiyorum,Kredi Kartı Borcu
kredi kartı borcumu tarihini öğrenmek lütfen,Kredi Kartı Borcu
kredi kartı borcumu tarihini öğrenmek rica ederim,Kredi Kartı Borcu
kredi kartı borcumu tarihini öğrenmek yardım edin,Kredi Kartı Borcu
kredi kartı borcumu tarihini öğrenmek teşekkürler,Kredi Kartı Borcu
kredi kartımın borcunu öğrenmek istiyorum,Kredi Kartı Borcu
kredi kartımın borcunu öğrenmek lütfen,Kredi Kartı Borcu
kredi kartımın borcunu öğrenmek rica ederim,Kredi Kartı Borcu
kredi kartımın borcunu öğrenmek yardım edin,Kredi Kartı Borcu
kredi kartımın borcunu öğrenmek teşekkürler,Kredi Kartı Borcu
kredi kartımın borcunu ödemek istiyorum,Kredi Kartı Borcu
kredi kartımın borcunu ödemek lütfen,Kredi Kartı Borcu
kredi kartımın borcunu ödemek rica ederim,Kredi Kartı Borcu
kredi kartımın borcunu ödemek yardım edin,Kredi Kartı Borcu
kredi kartımın borcunu ödemek teşekkürler,Kredi Kartı Borcu
kredi kartımın borcunu sorgulamak istiyorum,Kredi Kartı Borcu
kredi kartımın borcunu sorgulamak lütfen,Kredi Kartı Borcu
kredi kartımın borcunu sorgulamak rica ederim,Kredi Kartı Borcu
kredi kartımın borcunu sorgulamak yardım edin,Kredi Kartı Borcu
kredi kartımın borcunu sorgulamak teşekkürler,Kredi Kartı Borcu
kredi kartımın borcunu görmek istiyorum,Kredi Kartı Borcu
kredi kartımın borcunu görmek lütfen,Kredi Kartı Borcu
kredi kartımın borcunu görmek rica ederim,Kredi Kartı Borcu
kredi kartımın borcunu görmek yardım edin,Kredi Kartı Borcu
kredi kartımın borcunu görmek teşekkürler,Kredi Kartı Borcu
kredi kartımın borcunu tarihini öğrenmek istiyorum,Kredi Kartı Borcu
kredi kartımın borcunu tarihini öğrenmek lütfen,Kredi Kartı Borcu
kredi kartımın borcunu tarihini öğrenmek rica ederim,Kredi Kartı Borcu
kredi kartımın borcunu tarihini öğrenmek yardım edin,Kredi Kartı Borcu
kredi kartımın borcunu tarihini öğrenmek teşekkürler,Kredi Kartı Borcu
kart borcumu öğrenmek istiyorum,Kredi Kartı Borcu
kart borcumu öğrenmek lütfen,Kredi Kartı Borcu
müşteri temsilcisi ile görüşmek istiyorum,Müşteri Temsilcisi
gerçek bir insanla görüşmek istiyorum,Müşteri Temsilcisi
müşteri temsilcisine bağlanmak istiyorum,Müşteri Temsilcisi
müşteri temsilcisi ile görüşmek rica ediyorum,Müşteri Temsilcisi
müşteri temsilcisi ile görüşmek lütfen,Müşteri Temsilcisi
müşteri temsilcisi ile görüşmek yardım edin,Müşteri Temsilcisi
müşteri temsilcisi ile görüşmek teşekkür ederim,Müşteri Temsilcisi
müşteri temsilcisi bağlanmak istiyorum,Müşteri Temsilcisi
müşteri temsilcisi bağlanmak rica ediyorum,Müşteri Temsilcisi
müşteri temsilcisi bağlanmak lütfen,Müşteri Temsilcisi
müşteri temsilcisi bağlanmak yardım edin,Müşteri Temsilcisi
müşteri temsilcisi bağlanmak teşekkür ederim,Müşteri Temsilcisi
müşteri temsilcisi konuşmak istiyorum,Müşteri Temsilcisi
müşteri temsilcisi konuşmak rica ediyorum,Müşteri Temsilcisi
müşteri temsilcisi konuşmak lütfen,Müşteri Temsilcisi
müşteri temsilcisi konuşmak yardım edin,Müşteri Temsilcisi
müşteri temsilcisi konuşmak teşekkür ederim,Müşteri Temsilcisi
müşteri temsilcisi yardım almak istiyorum,Müşteri Temsilcisi
müşteri temsilcisi yardım almak rica ediyorum,Müşteri Temsilcisi
müşteri temsilcisi yardım almak lütfen,Müşteri Temsilcisi
müşteri temsilcisi yardım almak yardım edin,Müşteri Temsilcisi
müşteri temsilcisi yardım almak teşekkür ederim,Müşteri Temsilcisi
müşteri temsilcisi ile iletişime geçmek istiyorum,Müşteri Temsilcisi
müşteri temsilcisi ile iletişime geçmek rica ediyorum,Müşteri Temsilcisi
müşteri temsilcisi ile iletişime geçmek lütfen,Müşteri Temsilcisi
müşteri temsilcisi ile iletişime geçmek yardım edin,Müşteri Temsilcisi
müşteri temsilcisi ile iletişime geçmek teşekkür ederim,Müşteri Temsilcisi
destek hattı ile görüşmek istiyorum,Müşteri Temsilcisi
destek hattı ile görüşmek rica ediyorum,Müşteri Temsilcisi
destek hattı ile görüşmek lütfen,Müşteri Temsilcisi
destek hattı ile görüşmek yardım edin,Müşteri Temsilcisi
destek hattı ile görüşmek teşekkür ederim,Müşteri Temsilcisi
destek hattı bağlanmak istiyorum,Müşteri Temsilcisi
destek hattı bağlanmak rica ediyorum,Müşteri Temsilcisi
destek hattı bağlanmak lütfen,Müşteri Temsilcisi
destek hattı bağlanmak yardım edin,Müşteri Temsilcisi
destek hattı bağlanmak teşekkür ederim,Müşteri Temsilcisi
destek hattı konuşmak istiyorum,Müşteri Temsilcisi
destek hattı konuşmak rica ediyorum,Müşteri Temsilcisi
destek hattı konuşmak lütfen,Müşteri Temsilcisi
destek hattı konuşmak yardım edin,Müşteri Temsilcisi
destek hattı konuşmak teşekkür ederim,Müşteri Temsilcisi
destek hattı yardım almak istiyorum,Müşteri Temsilcisi
destek hattı yardım almak rica ediyorum,Müşteri Temsilcisi
destek hattı yardım almak lütfen,Müşteri Temsilcisi
destek hattı yardım almak yardım edin,Müşteri Temsilcisi
destek hattı yardım almak teşekkür ederim,Müşteri Temsilcisi
destek hattı ile iletişime geçmek istiyorum,Müşteri Temsilcisi
destek hattı ile iletişime geçmek rica ediyorum,Müşteri Temsilcisi
destek hattı ile iletişime geçmek lütfen,Müşteri Temsilcisi
destek hattı ile iletişime geçmek yardım edin,Müşteri Temsilcisi
destek hattı ile iletişime geçmek teşekkür ederim,Müşteri Temsilcisi
canlı destek ile görüşmek istiyorum,Müşteri Temsilcisi
bireysel emeklilik sigortası hakkında bilgi almak istiyorum,BES
bes hakkında bilgi almak istiyorum,BES
bireysel emeklilik iptali istiyorum,BES
besimi iptal etmek istiyorum,BES
besdeki paramı öğrenmek istiyorum,BES
bireysel emeklilik sigortası hakkında bilgi almak rica ediyorum,BES
bireysel emeklilik sigortası hakkında bilgi almak lütfen bilgi verin,BES
bireysel emeklilik sigortası hakkında bilgi almak yardım edin,BES
bireysel emeklilik sigortası hakkında bilgi almak teşekkürler,BES
bireysel emeklilik sigortası detayları öğrenmek istiyorum,BES
bireysel emeklilik sigortası detayları öğrenmek rica ediyorum,BES
bireysel emeklilik sigortası detayları öğrenmek lütfen bilgi verin,BES
bireysel emeklilik sigortası detayları öğrenmek yardım edin,BES
bireysel emeklilik sigortası detayları öğrenmek teşekkürler,BES
bireysel emeklilik sigortası iptal etmek istiyorum,BES
bireysel emeklilik sigortası iptal etmek rica ediyorum,BES
bireysel emeklilik sigortası iptal etmek lütfen bilgi verin,BES
bireysel emeklilik sigortası iptal etmek yardım edin,BES
bireysel emeklilik sigortası iptal etmek teşekkürler,BES
bireysel emeklilik sigortası paramı sorgulamak istiyorum,BES
bireysel emeklilik sigortası paramı sorgulamak rica ediyorum,BES
bireysel emeklilik sigortası paramı sorgulamak lütfen bilgi verin,BES
bireysel emeklilik sigortası paramı sorgulamak yardım edin,BES
bireysel emeklilik sigortası paramı sorgulamak teşekkürler,BES
bireysel emeklilik sigortası durumunu öğrenmek istiyorum,BES
bireysel emeklilik sigortası durumunu öğrenmek rica ediyorum,BES
bireysel emeklilik sigortası durumunu öğrenmek lütfen bilgi verin,BES
bireysel emeklilik sigortası durumunu öğrenmek yardım edin,BES
bireysel emeklilik sigortası durumunu öğrenmek teşekkürler,BES
BES hesabım hakkında bilgi almak istiyorum,BES
BES hesabım hakkında bilgi almak rica ediyorum,BES
BES hesabım hakkında bilgi almak lütfen bilgi verin,BES
BES hesabım hakkında bilgi almak yardım edin,BES
BES hesabım hakkında bilgi almak teşekkürler,BES
BES hesabım detayları öğrenmek istiyorum,BES
BES hesabım detayları öğrenmek rica ediyorum,BES
BES hesabım detayları öğrenmek lütfen bilgi verin,BES
BES hesabım detayları öğrenmek yardım edin,BES
BES hesabım detayları öğrenmek teşekkürler,BES
BES hesabım iptal etmek istiyorum,BES
BES hesabım iptal etmek rica ediyorum,BES
BES hesabım iptal etmek lütfen bilgi verin,BES
BES hesabım iptal etmek yardım edin,BES
BES hesabım iptal etmek teşekkürler,BES
BES hesabım paramı sorgulamak istiyorum,BES
BES hesabım paramı sorgulamak rica ediyorum,BES
BES hesabım paramı sorgulamak lütfen bilgi verin,BES
BES hesabım paramı sorgulamak yardım edin,BES
BES hesabım paramı sorgulamak teşekkürler,BES
BES hesabım durumunu öğrenmek istiyorum,BES
BES hesabım durumunu öğrenmek rica ediyorum,BES
BES hesabım durumunu öğrenmek lütfen bilgi verin,BES
BES hesabım durumunu öğrenmek yardım edin,BES
BES hesabım durumunu öğrenmek teşekkürler,BES
bireysel emekliliğim hakkında bilgi almak istiyorum,BES
kredi kartımı kaybettik,Kart Kayıp
kredi kartımı bulamıyorum,Kart Kayıp
kredi kartımı çaldırdım,Kart Kayıp
banka kartımı çaldırdım,Kart Kayıp
bankart kartımı kaybettim,Kart Kayıp
cüzdanım çalındı,Kart Kayıp
kart kayıp bilgileri,Kart Kayıp
kredi kartımı kaybettim lütfen yardımcı olun,Kart Kayıp
kredi kartımı kaybettim yardım edebilir misiniz,Kart Kayıp
kredi kartımı kaybettim rica ederim,Kart Kayıp
kredi kartımı kaybettim teşekkürler,Kart Kayıp
kredi kartımı kaybettim bilgi verir misiniz,Kart Kayıp
kredi kartımı bulamıyorum lütfen yardımcı olun,Kart Kayıp
kredi kartımı bulamıyorum yardım edebilir misiniz,Kart Kayıp
kredi kartımı bulamıyorum rica ederim,Kart Kayıp
kredi kartımı bulamıyorum teşekkürler,Kart Kayıp
kredi kartımı bulamıyorum bilgi verir misiniz,Kart Kayıp
kredi kartımı çalındı lütfen yardımcı olun,Kart Kayıp
kredi kartımı çalındı yardım edebilir misiniz,Kart Kayıp
kredi kartımı çalındı rica ederim,Kart Kayıp
kredi kartımı çalındı teşekkürler,Kart Kayıp
kredi kartımı çalındı bilgi verir misiniz,Kart Kayıp
kredi kartımı çaldırdım lütfen yardımcı olun,Kart Kayıp
kredi kartımı çaldırdım yardım edebilir misiniz,Kart Kayıp
kredi kartımı çaldırdım rica ederim,Kart Kayıp
kredi kartımı çaldırdım teşekkürler,Kart Kayıp
kredi kartımı çaldırdım bilgi verir misiniz,Kart Kayıp
kredi kartımı kayıptır lütfen yardımcı olun,Kart Kayıp
kredi kartımı kayıptır yardım edebilir misiniz,Kart Kayıp
kredi kartımı kayıptır rica ederim,Kart Kayıp
kredi kartımı kayıptır teşekkürler,Kart Kayıp
kredi kartımı kayıptır bilgi verir misiniz,Kart Kayıp
banka kartımı kaybettim lütfen yardımcı olun,Kart Kayıp
banka kartımı kaybettim yardım edebilir misiniz,Kart Kayıp
banka kartımı kaybettim rica ederim,Kart Kayıp
banka kartımı kaybettim teşekkürler,Kart Kayıp
banka kartımı kaybettim bilgi verir misiniz,Kart Kayıp
banka kartımı bulamıyorum lütfen yardımcı olun,Kart Kayıp
banka kartımı bulamıyorum yardım edebilir misiniz,Kart Kayıp
banka kartımı bulamıyorum rica ederim,Kart Kayıp
banka kartımı bulamıyorum teşekkürler,Kart Kayıp
banka kartımı bulamıyorum bilgi verir misiniz,Kart Kayıp
banka kartımı çalındı lütfen yardımcı olun,Kart Kayıp
banka kartımı çalındı yardım edebilir misiniz,Kart Kayıp
banka kartımı çalındı rica ederim,Kart Kayıp
banka kartımı çalındı teşekkürler,Kart Kayıp
banka kartımı çalındı bilgi verir misiniz,Kart Kayıp
banka kartımı çaldırdım lütfen yardımcı olun,Kart Kayıp
banka kartımı çaldırdım yardım edebilir misiniz,Kart Kayıp
banka kartımı çaldırdım rica ederim,Kart Kayıp
banka kartımı çaldırdım teşekkürler,Kart Kayıp
banka kartımı çaldırdım bilgi verir misiniz,Kart Kayıp
banka kartımı kayıptır lütfen yardımcı olun,Kart Kayıp
banka kartımı kayıptır yardım edebilir misiniz,Kart Kayıp
banka kartımı kayıptır rica ederim,Kart Kayıp
banka kartımı kayıptır teşekkürler,Kart Kayıp
banka kartımı kayıptır bilgi verir misiniz,Kart Kayıp
hisse senedi almak istiyorum,Hisse Senedi Fon
fon almak istiyorum,Hisse Senedi Fon
serbest fon almak istiyorum,Hisse Senedi Fon
döviz fonu almak istiyorum,Hisse Senedi Fon
döviz fonlarımı öğrenmek istiyorum,Hisse Senedi Fon
fonlarımdaki toplam parayı öğrenmek istiyorum,Hisse Senedi Fon
hisse senetlerimin toplamını öğrenmek istiyorum,Hisse Senedi Fon
hisse senedi bozdurmak istiyorum,Hisse Senedi Fon
hisse senedi almak rica ediyorum,Hisse Senedi Fon
hisse senedi almak lütfen,Hisse Senedi Fon
hisse senedi almak yardım edin,Hisse Senedi Fon
hisse senedi almak teşekkürler,Hisse Senedi Fon
hisse senedi satmak istiyorum,Hisse Senedi Fon
hisse senedi satmak rica ediyorum,Hisse Senedi Fon
hisse senedi satmak lütfen,Hisse Senedi Fon
hisse senedi satmak yardım edin,Hisse Senedi Fon
hisse senedi satmak teşekkürler,Hisse Senedi Fon
hisse senedi öğrenmek istiyorum,Hisse Senedi Fon
hisse senedi öğrenmek rica ediyorum,Hisse Senedi Fon
hisse senedi öğrenmek lütfen,Hisse Senedi Fon
hisse senedi öğrenmek yardım edin,Hisse Senedi Fon
hisse senedi öğrenmek teşekkürler,Hisse Senedi Fon
hisse senedi sorgulamak istiyorum,Hisse Senedi Fon
hisse senedi sorgulamak rica ediyorum,Hisse Senedi Fon
hisse senedi sorgulamak lütfen,Hisse Senedi Fon
hisse senedi sorgulamak yardım edin,Hisse Senedi Fon
hisse senedi sorgulamak teşekkürler,Hisse Senedi Fon
hisse senedi bozdurmak rica ediyorum,Hisse Senedi Fon
hisse senedi bozdurmak lütfen,Hisse Senedi Fon
hisse senedi bozdurmak yardım edin,Hisse Senedi Fon
hisse senedi bozdurmak teşekkürler,Hisse Senedi Fon
hisse senedi toplamını görmek istiyorum,Hisse Senedi Fon
hisse senedi toplamını görmek rica ediyorum,Hisse Senedi Fon
hisse senedi toplamını görmek lütfen,Hisse Senedi Fon
hisse senedi toplamını görmek yardım edin,Hisse Senedi Fon
hisse senedi toplamını görmek teşekkürler,Hisse Senedi Fon
hisse senedi tutarını öğrenmek istiyorum,Hisse Senedi Fon
hisse senedi tutarını öğrenmek rica ediyorum,Hisse Senedi Fon
hisse senedi tutarını öğrenmek lütfen,Hisse Senedi Fon
hisse senedi tutarını öğrenmek yardım edin,Hisse Senedi Fon
hisse senedi tutarını öğrenmek teşekkürler,Hisse Senedi Fon
yatırım fonu almak istiyorum,Hisse Senedi Fon
yatırım fonu almak rica ediyorum,Hisse Senedi Fon
yatırım fonu almak lütfen,Hisse Senedi Fon
yatırım fonu almak yardım edin,Hisse Senedi Fon
yatırım fonu almak teşekkürler,Hisse Senedi Fon
yatırım fonu satmak istiyorum,Hisse Senedi Fon
yatırım fonu satmak rica ediyorum,Hisse Senedi Fon
yatırım fonu satmak lütfen,Hisse Senedi Fon
yatırım fonu satmak yardım edin,Hisse Senedi Fon
yatırım fonu satmak teşekkürler,Hisse Senedi Fon
yatırım fonu öğrenmek istiyorum,Hisse Senedi Fon
yatırım fonu öğrenmek rica ediyorum,Hisse Senedi Fon
yatırım fonu öğrenmek lütfen,Hisse Senedi Fon
yatırım fonu öğrenmek yardım edin,Hisse Senedi Fon
yatırım fonu öğrenmek teşekkürler,Hisse Senedi Fon
yatırım fonu sorgulamak istiyorum,Hisse Senedi Fon
yatırım fonu sorgulamak rica ediyorum,Hisse Senedi Fon
gram altın almak istiyorum,Altın Döviz
saat kaça kadar gram altın bozabilirim,Altın Döviz
haftasonu altın alabilir miyim,Altın Döviz
dolar fiyatı nedir,Altın Döviz
euro fiyatı nedir,Altın Döviz
altın fiyatı nedir,Altın Döviz
altın hesabı oluşturmak istiyorum,Altın Döviz
dolar hesabı açmak istiyorum,Altın Döviz
yeni döviz hesabıı,Altın Döviz
gram altın almak rica ederim,Altın Döviz
gram altın almak lütfen,Altın Döviz
gram altın almak yardım edin,Altın Döviz
gram altın almak teşekkürler,Altın Döviz
gram altın bozmak istiyorum,Altın Döviz
gram altın bozmak rica ederim,Altın Döviz
gram altın bozmak lütfen,Altın Döviz
gram altın bozmak yardım edin,Altın Döviz
gram altın bozmak teşekkürler,Altın Döviz
gram altın satmak istiyorum,Altın Döviz
gram altın satmak rica ederim,Altın Döviz
gram altın satmak lütfen,Altın Döviz
gram altın satmak yardım edin,Altın Döviz
gram altın satmak teşekkürler,Altın Döviz
gram altın fiyatını öğrenmek istiyorum,Altın Döviz
gram altın fiyatını öğrenmek rica ederim,Altın Döviz
gram altın fiyatını öğrenmek lütfen,Altın Döviz
gram altın fiyatını öğrenmek yardım edin,Altın Döviz
gram altın fiyatını öğrenmek teşekkürler,Altın Döviz
gram altın hesabı açmak istiyorum,Altın Döviz
gram altın hesabı açmak rica ederim,Altın Döviz
gram altın hesabı açmak lütfen,Altın Döviz
gram altın hesabı açmak yardım edin,Altın Döviz
gram altın hesabı açmak teşekkürler,Altın Döviz
gram altın hesabı oluşturmak istiyorum,Altın Döviz
gram altın hesabı oluşturmak rica ederim,Altın Döviz
gram altın hesabı oluşturmak lütfen,Altın Döviz
gram altın hesabı oluşturmak yardım edin,Altın Döviz
gram altın hesabı oluşturmak teşekkürler,Altın Döviz
çeyrek altın almak istiyorum,Altın Döviz
çeyrek altın almak rica ederim,Altın Döviz
çeyrek altın almak lütfen,Altın Döviz
çeyrek altın almak yardım edin,Altın Döviz
çeyrek altın almak teşekkürler,Altın Döviz
çeyrek altın bozmak istiyorum,Altın Döviz
çeyrek altın bozmak rica ederim,Altın Döviz
çeyrek altın bozmak lütfen,Altın Döviz
çeyrek altın bozmak yardım edin,Altın Döviz
çeyrek altın bozmak teşekkürler,Altın Döviz
çeyrek altın satmak istiyorum,Altın Döviz
çeyrek altın satmak rica ederim,Altın Döviz
çeyrek altın satmak lütfen,Altın Döviz
çeyrek altın satmak yardım edin,Altın Döviz
çeyrek altın satmak teşekkürler,Altın Döviz
çeyrek altın fiyatını öğrenmek istiyorum,Altın Döviz
çeyrek altın fiyatını öğrenmek rica ederim,Altın Döviz
çeyrek altın fiyatını öğrenmek lütfen,Altın Döviz
çeyrek altın fiyatını öğrenmek yardım edin,Altın Döviz
çeyrek altın fiyatını öğrenmek teşekkürler,Altın Döviz
çeyrek altın hesabı açmak istiyorum,Altın Döviz
fast limit ne kadar,EFT FAST
fast ile para göndermek istiyorum,EFT FAST
babama eft ile para göndermek istiyorum,EFT FAST
anneme havale yapmak istiyorum,EFT FAST
çağrı güngör'e para transferi yapmak istiyorum,EFT FAST
FAST ile babama istiyorum,EFT FAST
FAST ile babama rica ediyorum,EFT FAST
FAST ile babama lütfen,EFT FAST
FAST ile babama yardım edin,EFT FAST
FAST ile babama teşekkürler,EFT FAST
FAST ile anneme istiyorum,EFT FAST
FAST ile anneme rica ediyorum,EFT FAST
FAST ile anneme lütfen,EFT FAST
FAST ile anneme yardım edin,EFT FAST
FAST ile anneme teşekkürler,EFT FAST
FAST ile eşime istiyorum,EFT FAST
FAST ile eşime rica ediyorum,EFT FAST
FAST ile eşime lütfen,EFT FAST
FAST ile eşime yardım edin,EFT FAST
FAST ile eşime teşekkürler,EFT FAST
FAST ile kardeşime istiyorum,EFT FAST
FAST ile kardeşime rica ediyorum,EFT FAST
FAST ile kardeşime lütfen,EFT FAST
FAST ile kardeşime yardım edin,EFT FAST
FAST ile kardeşime teşekkürler,EFT FAST
FAST ile arkadaşıma istiyorum,EFT FAST
FAST ile arkadaşıma rica ediyorum,EFT FAST
FAST ile arkadaşıma lütfen,EFT FAST
FAST ile arkadaşıma yardım edin,EFT FAST
FAST ile arkadaşıma teşekkürler,EFT FAST
FAST ile Çağrı Güngör'e istiyorum,EFT FAST
FAST ile Çağrı Güngör'e rica ediyorum,EFT FAST
FAST ile Çağrı Güngör'e lütfen,EFT FAST
FAST ile Çağrı Güngör'e yardım edin,EFT FAST
FAST ile Çağrı Güngör'e teşekkürler,EFT FAST
FAST ile kendime istiyorum,EFT FAST
FAST ile kendime rica ediyorum,EFT FAST
FAST ile kendime lütfen,EFT FAST
FAST ile kendime yardım edin,EFT FAST
FAST ile kendime teşekkürler,EFT FAST
EFT ile babama istiyorum,EFT FAST
EFT ile babama rica ediyorum,EFT FAST
EFT ile babama lütfen,EFT FAST
EFT ile babama yardım edin,EFT FAST
EFT ile babama teşekkürler,EFT FAST
EFT ile anneme istiyorum,EFT FAST
EFT ile anneme rica ediyorum,EFT FAST
EFT ile anneme lütfen,EFT FAST
EFT ile anneme yardım edin,EFT FAST
EFT ile anneme teşekkürler,EFT FAST
EFT ile eşime istiyorum,EFT FAST
EFT ile eşime rica ediyorum,EFT FAST
EFT ile eşime lütfen,EFT FAST
EFT ile eşime yardım edin,EFT FAST
EFT ile eşime teşekkürler,EFT FAST
yurtdışına para göndermek istiyorum,Swift ve Yurtdışı
yurtdışına para transferi yapmak istiyorum,Swift ve Yurtdışı
yurt dışına ödeme yapmak istiyorum,Swift ve Yurtdışı
almanyadaki kuzenime euro yollamak istiyorum,Swift ve Yurtdışı
Swift ile para göndermek Amerika istiyorum,Swift ve Yurtdışı
Swift ile para göndermek Almanya istiyorum,Swift ve Yurtdışı
Swift ile para göndermek Fransa istiyorum,Swift ve Yurtdışı
Swift ile para göndermek İngiltere istiyorum,Swift ve Yurtdışı
Swift ile para göndermek Çin istiyorum,Swift ve Yurtdışı
Swift ile para göndermek Rusya istiyorum,Swift ve Yurtdışı
Swift ile para göndermek Japonya istiyorum,Swift ve Yurtdışı
Swift ile para göndermek İtalya istiyorum,Swift ve Yurtdışı
Swift ile para göndermek Amerika rica ediyorum,Swift ve Yurtdışı
Swift ile para göndermek Almanya rica ediyorum,Swift ve Yurtdışı
Swift ile para göndermek Fransa rica ediyorum,Swift ve Yurtdışı
Swift ile para göndermek İngiltere rica ediyorum,Swift ve Yurtdışı
Swift ile para göndermek Çin rica ediyorum,Swift ve Yurtdışı
Swift ile para göndermek Rusya rica ediyorum,Swift ve Yurtdışı
Swift ile para göndermek Japonya rica ediyorum,Swift ve Yurtdışı
Swift ile para göndermek İtalya rica ediyorum,Swift ve Yurtdışı
Swift ile para göndermek Amerika lütfen,Swift ve Yurtdışı
Swift ile para göndermek Almanya lütfen,Swift ve Yurtdışı
Swift ile para göndermek Fransa lütfen,Swift ve Yurtdışı
Swift ile para göndermek İngiltere lütfen,Swift ve Yurtdışı
Swift ile para göndermek Çin lütfen,Swift ve Yurtdışı
Swift ile para göndermek Rusya lütfen,Swift ve Yurtdışı
Swift ile para göndermek Japonya lütfen,Swift ve Yurtdışı
Swift ile para göndermek İtalya lütfen,Swift ve Yurtdışı
Swift ile para göndermek Amerika yardım edin,Swift ve Yurtdışı
Swift ile para göndermek Almanya yardım edin,Swift ve Yurtdışı
Swift ile para göndermek Fransa yardım edin,Swift ve Yurtdışı
Swift ile para göndermek İngiltere yardım edin,Swift ve Yurtdışı
Swift ile para göndermek Çin yardım edin,Swift ve Yurtdışı
Swift ile para göndermek Rusya yardım edin,Swift ve Yurtdışı
Swift ile para göndermek Japonya yardım edin,Swift ve Yurtdışı
Swift ile para göndermek İtalya yardım edin,Swift ve Yurtdışı
Swift ile para göndermek Amerika detaylı bilgi almak istiyorum,Swift ve Yurtdışı
Swift ile para göndermek Almanya detaylı bilgi almak istiyorum,Swift ve Yurtdışı
Swift ile para göndermek Fransa detaylı bilgi almak istiyorum,Swift ve Yurtdışı
Swift ile para göndermek İngiltere detaylı bilgi almak istiyorum,Swift ve Yurtdışı
Swift ile para göndermek Çin detaylı bilgi almak istiyorum,Swift ve Yurtdışı
Swift ile para göndermek Rusya detaylı bilgi almak istiyorum,Swift ve Yurtdışı
Swift ile para göndermek Japonya detaylı bilgi almak istiyorum,Swift ve Yurtdışı
Swift ile para göndermek İtalya detaylı bilgi almak istiyorum,Swift ve Yurtdışı
Swift ile ödemek Amerika istiyorum,Swift ve Yurtdışı
Swift ile ödemek Almanya istiyorum,Swift ve Yurtdışı
Swift ile ödemek Fransa istiyorum,Swift ve Yurtdışı
Swift ile ödemek İngiltere istiyorum,Swift ve Yurtdışı
Swift ile ödemek Çin istiyorum,Swift ve Yurtdışı
Swift ile ödemek Rusya istiyorum,Swift ve Yurtdışı
Swift ile ödemek Japonya istiyorum,Swift ve Yurtdışı
Swift ile ödemek İtalya istiyorum,Swift ve Yurtdışı
Swift ile ödemek Amerika rica ediyorum,Swift ve Yurtdışı
Swift ile ödemek Almanya rica ediyorum,Swift ve Yurtdışı
kredi kartımı internet kullanımına açmak istiyorum,İnternete açma
internette satın almaya açmak istiyorum,İnternete açma
kartım internette çalışsın istiyorum,İnternete açma
kredi kartımı internet kullanımına açmak rica ediyorum,İnternete açma
kredi kartımı internet kullanımına açmak lütfen,İnternete açma
kredi kartımı internet kullanımına açmak yardım edin,İnternete açma
kredi kartımı internet kullanımına açmak teşekkürler,İnternete açma
kredi kartımı interneti açmak istiyorum,İnternete açma
kredi kartımı interneti açmak rica ediyorum,İnternete açma
kredi kartımı interneti açmak lütfen,İnternete açma
kredi kartımı interneti açmak yardım edin,İnternete açma
kredi kartımı interneti açmak teşekkürler,İnternete açma
kredi kartımı online alışverişe açmak istiyorum,İnternete açma
kredi kartımı online alışverişe açmak rica ediyorum,İnternete açma
kredi kartımı online alışverişe açmak lütfen,İnternete açma
kredi kartımı online alışverişe açmak yardım edin,İnternete açma
kredi kartımı online alışverişe açmak teşekkürler,İnternete açma
kredi kartımı internette çalışmasını sağlamak istiyorum,İnternete açma
kredi kartımı internette çalışmasını sağlamak rica ediyorum,İnternete açma
kredi kartımı internette çalışmasını sağlamak lütfen,İnternete açma
kredi kartımı internette çalışmasını sağlamak yardım edin,İnternete açma
kredi kartımı internette çalışmasını sağlamak teşekkürler,İnternete açma
banka kartımı internet kullanımına açmak istiyorum,İnternete açma
banka kartımı internet kullanımına açmak rica ediyorum,İnternete açma
banka kartımı internet kullanımına açmak lütfen,İnternete açma
banka kartımı internet kullanımına açmak yardım edin,İnternete açma
banka kartımı internet kullanımına açmak teşekkürler,İnternete açma
banka kartımı interneti açmak istiyorum,İnternete açma
banka kartımı interneti açmak rica ediyorum,İnternete açma
banka kartımı interneti açmak lütfen,İnternete açma
banka kartımı interneti açmak yardım edin,İnternete açma
banka kartımı interneti açmak teşekkürler,İnternete açma
banka kartımı online alışverişe açmak istiyorum,İnternete açma
banka kartımı online alışverişe açmak rica ediyorum,İnternete açma
banka kartımı online alışverişe açmak lütfen,İnternete açma
banka kartımı online alışverişe açmak yardım edin,İnternete açma
banka kartımı online alışverişe açmak teşekkürler,İnternete açma
banka kartımı internette çalışmasını sağlamak istiyorum,İnternete açma
banka kartımı internette çalışmasını sağlamak rica ediyorum,İnternete açma
banka kartımı internette çalışmasını sağlamak lütfen,İnternete açma
banka kartımı internette çalışmasını sağlamak yardım edin,İnternete açma
banka kartımı internette çalışmasını sağlamak teşekkürler,İnternete açma
ödeme kartımı internet kullanımına açmak istiyorum,İnternete açma
ödeme kartımı internet kullanımına açmak rica ediyorum,İnternete açma
ödeme kartımı internet kullanımına açmak lütfen,İnternete açma
ödeme kartımı internet kullanımına açmak yardım edin,İnternete açma
ödeme kartımı internet kullanımına açmak teşekkürler,İnternete açma
ödeme kartımı interneti açmak istiyorum,İnternete açma
ödeme kartımı interneti açmak rica ediyorum,İnternete açma
ödeme kartımı interneti açmak lütfen,İnternete açma
ödeme kartımı interneti açmak yardım edin,İnternete açma
ödeme kartımı interneti açmak teşekkürler,İnternete açma
ödeme kartımı online alışverişe açmak istiyorum,İnternete açma
kredi başvurusu yapmak istiyorum,Kredi Başvurusu
ihtiyaç kredisi çekmek istiyorum,Kredi Başvurusu
konut kredisi başvuru yapmak istiyorum,Kredi Başvurusu
kredi oranlarını öğrenmek istiyorum,Kredi Başvurusu
kredi faiz bilgilerini öğrenmek istiyorum,Kredi Başvurusu
faizsiz kredi almak istiyorum,Kredi Başvurusu
kredi başvurum hakkında bilgi almak istiyorum,Kredi Başvurusu
kredi başvurusu yapmak rica ediyorum,Kredi Başvurusu
kredi başvurusu yapmak lütfen,Kredi Başvurusu
kredi başvurusu yapmak yardım edin,Kredi Başvurusu
kredi başvurusu yapmak detaylı bilgi almak istiyorum,Kredi Başvurusu
kredi başvurusu çekmek istiyorum,Kredi Başvurusu
kredi başvurusu çekmek rica ediyorum,Kredi Başvurusu
kredi başvurusu çekmek lütfen,Kredi Başvurusu
kredi başvurusu çekmek yardım edin,Kredi Başvurusu
kredi başvurusu çekmek detaylı bilgi almak istiyorum,Kredi Başvurusu
kredi başvurusu başvurmak istiyorum,Kredi Başvurusu
kredi başvurusu başvurmak rica ediyorum,Kredi Başvurusu
kredi başvurusu başvurmak lütfen,Kredi Başvurusu
kredi başvurusu başvurmak yardım edin,Kredi Başvurusu
kredi başvurusu başvurmak detaylı bilgi almak istiyorum,Kredi Başvurusu
kredi başvurusu talep etmek istiyorum,Kredi Başvurusu
kredi başvurusu talep etmek rica ediyorum,Kredi Başvurusu
kredi başvurusu talep etmek lütfen,Kredi Başvurusu
kredi başvurusu talep etmek yardım edin,Kredi Başvurusu
kredi başvurusu talep etmek detaylı bilgi almak istiyorum,Kredi Başvurusu
kredi başvurusu sorgulamak istiyorum,Kredi Başvurusu
kredi başvurusu sorgulamak rica ediyorum,Kredi Başvurusu
kredi başvurusu sorgulamak lütfen,Kredi Başvurusu
kredi başvurusu sorgulamak yardım edin,Kredi Başvurusu
kredi başvurusu sorgulamak detaylı bilgi almak istiyorum,Kredi Başvurusu
kredi başvurusu öğrenmek istiyorum,Kredi Başvurusu
kredi başvurusu öğrenmek rica ediyorum,Kredi Başvurusu
kredi başvurusu öğrenmek lütfen,Kredi Başvurusu
kredi başvurusu öğrenmek yardım edin,Kredi Başvurusu
kredi başvurusu öğrenmek detaylı bilgi almak istiyorum,Kredi Başvurusu
ihtiyaç kredisi yapmak istiyorum,Kredi Başvurusu
ihtiyaç kredisi yapmak rica ediyorum,Kredi Başvurusu
ihtiyaç kredisi yapmak lütfen,Kredi Başvurusu
ihtiyaç kredisi yapmak yardım edin,Kredi Başvurusu
ihtiyaç kredisi yapmak detaylı bilgi almak istiyorum,Kredi Başvurusu
ihtiyaç kredisi çekmek rica ediyorum,Kredi Başvurusu
ihtiyaç kredisi çekmek lütfen,Kredi Başvurusu
ihtiyaç kredisi çekmek yardım edin,Kredi Başvurusu
ihtiyaç kredisi çekmek detaylı bilgi almak istiyorum,Kredi Başvurusu
ihtiyaç kredisi başvurmak istiyorum,Kredi Başvurusu
ihtiyaç kredisi başvurmak rica ediyorum,Kredi Başvurusu
ihtiyaç kredisi başvurmak lütfen,Kredi Başvurusu
ihtiyaç kredisi başvurmak yardım edin,Kredi Başvurusu
ihtiyaç kredisi başvurmak detaylı bilgi almak istiyorum,Kredi Başvurusu
ihtiyaç kredisi talep etmek istiyorum,Kredi Başvurusu
ihtiyaç kredisi talep etmek rica ediyorum,Kredi Başvurusu
ihtiyaç kredisi talep etmek lütfen,Kredi Başvurusu
ihtiyaç kredisi talep etmek yardım edin,Kredi Başvurusu
ihtiyaç kredisi talep etmek detaylı bilgi almak istiyorum,Kredi Başvurusu
ihtiyaç kredisi sorgulamak istiyorum,Kredi Başvurusu
ihtiyaç kredisi sorgulamak rica ediyorum,Kredi Başvurusu
Kart şifremi değiştirmek istiyorum,Kart Şifresi Değiştirme
kartımın şifresini değiştirmek istiyorum,Kart Şifresi Değiştirme
kredi kartımın şifresini unuttum,Kart Şifresi Değiştirme
kart şifremi hatırlamıyorum,Kart Şifresi Değiştirme
kart şifresi almak istiyorum,Kart Şifresi Değiştirme
Yeni kart şifresi nasıl alırım?,Kart Şifresi Değiştirme
Kartımın PIN kodunu unuttum,Kart Şifresi Değiştirme
PIN kodumu değiştirmek istiyorum,Kart Şifresi Değiştirme
Banka kartı şifremi yenilemem gerekiyor,Kart Şifresi Değiştirme
Mevcut şifremi güncellemek istiyorum,Kart Şifresi Değiştirme
Yeni bir PIN belirlemek istiyorum,Kart Şifresi Değiştirme
Kartım için şifre oluşturma,Kart Şifresi Değiştirme
Şifremi değiştirmem için ne yapmalıyım?,Kart Şifresi Değiştirme
Kredi kartı şifre yenileme işlemi,Kart Şifresi Değiştirme
PIN'imi hatırlamıyorum,Kart Şifresi Değiştirme
Geçici şifremi kalıcı yapmak istiyorum,Kart Şifresi Değiştirme
Kart şifresi belirleme,Kart Şifresi Değiştirme
Şifrem kilitlendi,Kart Şifresi Değiştirme
Online olarak kart şifremi değiştirebilir miyim?,Kart Şifresi Değiştirme
Maaş kartımın şifresini unuttum,Kart Şifresi Değiştirme
Şifre değişikliği yapmak istiyorum,Kart Şifresi Değiştirme
Kartıma yeni bir şifre atamak istiyorum,Kart Şifresi Değiştirme
Unuttuğum şifremi nasıl öğrenebilirim?,Kart Şifresi Değiştirme
Kart şifremi sıfırlamak istiyorum,Kart Şifresi Değiştirme
Güvenlik nedeniyle şifremi yenilemek istiyorum,Kart Şifresi Değiştirme
Acil kart şifresi değişikliği,Kart Şifresi Değiştirme
Şifrem çalışmıyor,Kart Şifresi Değiştirme
Bana yeni bir kart şifresi gönderir misiniz?,Kart Şifresi Değiştirme
Kredi kartı şifremi nasıl güncellerim?,Kart Şifresi Değiştirme
Şifre oluşturma adımları nelerdir?,Kart Şifresi Değiştirme
PIN kodumu sıfırlamam lazım,Kart Şifresi Değiştirme
Şifremi değiştirmek için yardıma ihtiyacım var,Kart Şifresi Değiştirme
Mobil uygulamadan şifremi değiştirebilir miyim?,Kart Şifresi Değiştirme
Kartımın şifresini ilk kez oluşturacağım,Kart Şifresi Değiştirme
Şifremi unuttum ve kartım bloke oldu,Kart Şifresi Değiştirme
Banka kartımın şifresini değiştireceğim,Kart Şifresi Değiştirme
PIN değişikliği yapmak istiyorum,Kart Şifresi Değiştirme
Kart şifresi işlemlerine nereden ulaşabilirim?,Kart Şifresi Değiştirme
Şifremi teyit edemiyorum,Kart Şifresi Değiştirme
Yeni gelen kartıma şifre almalıyım,Kart Şifresi Değiştirme
Şifremi anımsamıyorum,Kart Şifresi Değiştirme
Kart şifresi oluştur,Kart Şifresi Değiştirme
Şifre yenileme,Kart Şifresi Değiştirme
Kredi kartımın şifresini sıfırlama,Kart Şifresi Değiştirme
Şifremi nasıl belirlerim?,Kart Şifresi Değiştirme
Kartımın pinini değiştirmem gerekiyor,Kart Şifresi Değiştirme
Şifre değişikliği talebim var,Kart Şifresi Değiştirme
Unutulan şifre için ne yapılır?,Kart Şifresi Değiştirme
Kart şifremi unuttuğum için kullanamıyorum,Kart Şifresi Değiştirme
Yeni şifre talebinde bulunmak istiyorum,Kart Şifresi Değiştirme
PIN kodumu yeniden oluşturmak istiyorum,Kart Şifresi Değiştirme
kredi kartı borcumu öğrenmek istiyorum,Kredi Kartı Borcu
kredi kartı borcumu ödemek istiyorum,Kredi Kartı Borcu
kredi kartımın ne kadar borcu var,Kredi Kartı Borcu
kredi kart son ödeme tarihi nedir,Kredi Kartı Borcu
Güncel kart borcum ne kadar?,Kredi Kartı Borcu
Bu ayki ekstremi görebilir miyim?,Kredi Kartı Borcu
Kredi kartı borç sorgulama,Kredi Kartı Borcu
Toplam borcumu kapatmak istiyorum,Kredi Kartı Borcu
Asgari ödeme tutarı ne kadar?,Kredi Kartı Borcu
Borcumun tamamını ödeyeceğim,Kredi Kartı Borcu
Son ödeme tarihim ne zaman?,Kredi Kartı Borcu
Kredi kartı borç ödemesi yap,Kredi Kartı Borcu
Dönem borcum ne kadar?,Kredi Kartı Borcu
Kartımın kullanılabilir limiti ne kadar?,Kredi Kartı Borcu
Ekstremin detaylarını alabilir miyim?,Kredi Kartı Borcu
Otomatik ödeme talimatı vermek istiyorum,Kredi Kartı Borcu
Kredi kartı ödemesi için hesabımdan para çek,Kredi Kartı Borcu
Bu ay ne kadar ödemem gerekiyor?,Kredi Kartı Borcu
Borcumun asgarisini ödemek istiyorum,Kredi Kartı Borcu
Kartıma olan borcumun dökümünü istiyorum,Kredi Kartı Borcu
Son ödeme tarihim geçti mi?,Kredi Kartı Borcu
Gecikme faizi ne kadar oldu?,Kredi Kartı Borcu
Kart borcum için taksitlendirme yapabilir miyim?,Kredi Kartı Borcu
Kredi kartı limitim ve borcum,Kredi Kartı Borcu
Hesap kesim tarihim ne zaman?,Kredi Kartı Borcu
Borç bilgimi öğrenmek istiyorum,Kredi Kartı Borcu
Ödeme için son gün ne zaman?,Kredi Kartı Borcu
Kredi kartı borcumu yapılandırmak istiyorum,Kredi Kartı Borcu
Bu ayki minimum ödeme miktarı nedir?,Kredi Kartı Borcu
Kart harcamalarımı ve kalan borcumu göster,Kredi Kartı Borcu
Borcumun tamamını tek seferde kapatacağım,Kredi Kartı Borcu
Kredi kartı ekstresi gönder,Kredi Kartı Borcu
Güncel borç bakiyem,Kredi Kartı Borcu
Kredi kartımın son ekstresini istiyorum,Kredi Kartı Borcu
Bu ayki borcum ne kadar tuttu?,Kredi Kartı Borcu
Asgari tutarı ödersem ne kadar faiz işler?,Kredi Kartı Borcu
Kredi kartı borcumu nasıl öderim?,Kredi Kartı Borcu
Borç sorgulama ekranına yönlendir,Kredi Kartı Borcu
Toplam kredi kartı borçlarım,Kredi Kartı Borcu
Ödemem gereken güncel tutar nedir?,Kredi Kartı Borcu
Kart borcumu taksitlendirebilir miyim?,Kredi Kartı Borcu
Ekstremi e-posta olarak alabilir miyim?,Kredi Kartı Borcu
Kredi kartımın borcunu ödemek için,Kredi Kartı Borcu
Son ödeme tarihine ne kadar kaldı?,Kredi Kartı Borcu
Kart borcumu ATM'den ödeyebilir miyim?,Kredi Kartı Borcu
Borcumun sadece bir kısmını ödemek istiyorum,Kredi Kartı Borcu
Kredi kartı borcumu sorgula,Kredi Kartı Borcu
Gelecek dönem borcum hakkında bilgi,Kredi Kartı Borcu
Kart borcumu banka hesabımla öde,Kredi Kartı Borcu
Kalan borç tutarı nedir?,Kredi Kartı Borcu
En son ne zaman ödeme yapmalıyım?,Kredi Kartı Borcu
Kredi kartı borcu kapatma,Kredi Kartı Borcu
müşteri temsilcisi ile görüşmek istiyorum,Müşteri Temsilcisi
gerçek bir insanla görüşmek istiyorum,Müşteri Temsilcisi
müşteri temsilcisine bağlanmak istiyorum,Müşteri Temsilcisi
Operatöre bağlanmak istiyorum,Müşteri Temsilcisi
Canlı birine bağlanabilir miyim?,Müşteri Temsilcisi
Müşteri hizmetlerine bağlan,Müşteri Temsilcisi
Konuşabileceğim biri var mı?,Müşteri Temsilcisi
Beni müşteri temsilcisine aktar,Müşteri Temsilcisi
Gerçek bir yetkiliyle konuşmam lazım,Müşteri Temsilcisi
Direkt müşteri temsilcisine nasıl bağlanırım?,Müşteri Temsilcisi
İnsan kaynaklarına bağlanmak istiyorum,Müşteri Temsilcisi
Bir danışmanla görüşebilir miyim?,Müşteri Temsilcisi
Sesli yanıt sisteminden çıkmak istiyorum,Müşteri Temsilcisi
Müşteri hizmetleri yetkilisiyle görüşme,Müşteri Temsilcisi
Acil bir konuda biriyle konuşmam gerek,Müşteri Temsilcisi
Beni bir insana bağlayın,Müşteri Temsilcisi
Temsilcinizle konuşmak istiyorum,Müşteri Temsilcisi
Canlı destek istiyorum,Müşteri Temsilcisi
Müşteri danışmanına aktarır mısınız?,Müşteri Temsilcisi
Robotla konuşmak istemiyorum,Müşteri Temsilcisi
Yetkili bir kişiyle görüşmem gerekiyor,Müşteri Temsilcisi
Müşteri temsilcisine bağlanma menüsü,Müşteri Temsilcisi
Lütfen beni birine bağlayın,Müşteri Temsilcisi
Doğrudan operatöre bağlan,Müşteri Temsilcisi
Bir görevli ile konuşmak istiyorum,Müşteri Temsilcisi
Müşteri hizmetlerinizle sesli görüşme yapmak istiyorum,Müşteri Temsilcisi
Sorunum için bir insanla konuşmalıyım,Müşteri Temsilcisi
Müşteri temsilcisiyle görüşme talebi,Müşteri Temsilcisi
Bana birini bağlar mısınız?,Müşteri Temsilcisi
Müşteri hizmetleri konuşma,Müşteri Temsilcisi
Menüleri geçip direkt bağlanmak istiyorum,Müşteri Temsilcisi
Sıradaki müşteri temsilcisine aktar,Müşteri Temsilcisi
Yardım için bir insanla konuşmak istiyorum,Müşteri Temsilcisi
Canlı operatöre bağlan,Müşteri Temsilcisi
Müşteri temsilcisiyle iletişime geçmek istiyorum,Müşteri Temsilcisi
Gerçek kişiyle görüşme,Müşteri Temsilcisi
Beni telesekreterden çıkarıp birine bağlayın,Müşteri Temsilcisi
Acil müşteri hizmetleri bağlantısı,Müşteri Temsilcisi
Bir uzmanla görüşmek istiyorum,Müşteri Temsilcisi
Müşteri yetkilisiyle konuşabilir miyim?,Müşteri Temsilcisi
Müşteri temsilcisine yönlendirilmek istiyorum,Müşteri Temsilcisi
Canlı yardıma bağlan,Müşteri Temsilcisi
Birebir görüşme yapmak istiyorum,Müşteri Temsilcisi
İnsanla konuşmak istiyorum,Müşteri Temsilcisi
Müşteri hizmetleri operatörü,Müşteri Temsilcisi
Lütfen müşteri temsilcisine bağlayın,Müşteri Temsilcisi
Sorunumu birine anlatmam lazım,Müşteri Temsilcisi
Temsilciye bağlanmak için ne yapmalıyım?,Müşteri Temsilcisi
Gerçek bir danışmanla konuşmak istiyorum,Müşteri Temsilcisi
Müşteri temsilcisi,Müşteri Temsilcisi
bireysel emeklilik sigortası hakkında bilgi almak istiyorum,BES
bes hakkında bilgi almak istiyorum,BES
bireysel emeklilik iptali istiyorum,BES
besimi iptal etmek istiyorum,BES
besdeki paramı öğrenmek istiyorum,BES
Bireysel emeklilik başvurusu nasıl yapılır?,BES
BES'teki birikimim ne kadar oldu?,BES
BES iptal koşulları nelerdir?,BES
Bireysel emeklilikten ayrılmak istiyorum,BES
BES fonlarımı değiştirebilir miyim?,BES
Devlet katkısı ne kadar?,BES
BES'e ne kadar ödüyorum?,BES
Bireysel emeklilik sisteminden çıkış,BES
BES'teki fon getirilerim,BES
BES iptal edilince paramı ne zaman alırım?,BES
Bireysel emeklilik hesabımı görüntüle,BES
BES kesintileri hakkında bilgi,BES
Otomatik katılım BES iptali,BES
BES birikimimi nasıl değerlendirebilirim?,BES
Bireysel emeklilik fon dağılımı değişikliği,BES
BES'ten emekli olmak için şartlar nelerdir?,BES
BES sözleşmemi sonlandırmak istiyorum,BES
BES'teki toplam birikmiş tutar,BES
Bireysel emekliliğimi dondurabilir miyim?,BES
BES ödemelerimi artırmak istiyorum,BES
Bireysel emeklilik için devlet desteği,BES
BES hesabıma para yatırmak istiyorum,BES
BES'ten ayrılma durumunda ne kadar kesinti olur?,BES
Bireysel emeklilik fonlarımın performansı,BES
BES'e nasıl dahil olurum?,BES
Bireysel emeklilik sistemine giriş,BES
BES'teki paramı çekmek istiyorum,BES
BES iptal başvurusunda bulunmak istiyorum,BES
Bireysel emeklilik birikim sorgulama,BES
BES fonlarımın anlık değeri,BES
Bireysel emeklilikte ne kadar birikmişim var?,BES
BES'ten cayma hakkımı kullanmak istiyorum,BES
Mevcut BES planımı değiştirmek istiyorum,BES
BES'teki devlet katkısı hesabımı görmek istiyorum,BES
Bireysel emeklilikten nasıl çıkılır?,BES
BES'ten kısmi ödeme alabilir miyim?,BES
Bireysel emeklilik birikimim ne durumda?,BES
BES sözleşmemin detayları,BES
Bireysel emeklilik sistemini durdurmak istiyorum,BES
BES'teki fonlarımı nasıl yönetebilirim?,BES
Bireysel emeklilik için nereye başvurmalıyım?,BES
BES planımı iptal etme,BES
BES birikimimi başka bir şirkete aktarabilir miyim?,BES
Bireysel emeklilik katkı payımı değiştirmek istiyorum,BES
BES'teki toplam varlığım,BES
Bireysel emeklilik iptal talebi,BES
BES fon getirilerini öğrenmek istiyorum,BES
Bireysel emeklilik hesabımı kapatmak istiyorum,BES
BES'in avantajları nelerdir?,BES
Bireysel emeklilikten toplu para çekme,BES
BES'teki paramı nasıl alırım?,BES
kredi kartımı kaybettik,Kart Kayıp
kredi kartımı bulamıyorum,Kart Kayıp
kredi kartımı çaldırdım,Kart Kayıp
banka kartımı çaldırdım,Kart Kayıp
bankart kartımı kaybettim,Kart Kayıp
cüzdanım çalındı,Kart Kayıp
kart kayıp bilgileri,Kart Kayıp
Kartımın çalındığını düşünüyorum,Kart Kayıp
Acil kart bloke etme,Kart Kayıp
Kaybolan kartımı kullanıma kapatın,Kart Kayıp
Kartım kopyalandı galiba,Kart Kayıp
Banka kartım kayıp,Kart Kayıp
Kayıp kart bildirimi yapmak istiyorum,Kart Kayıp
Kartımı düşürdüm sanırım,Kart Kayıp
Çalıntı kart bildirimi,Kart Kayıp
Kartımı hemen bloke edin,Kart Kayıp
Maaş kartımı kaybettim,Kart Kayıp
Kayıp kredi kartı işlemleri,Kart Kayıp
Banka kartımın çalındığını bildirmek istiyorum,Kart Kayıp
Kaybolan kartımın yerine yenisini nasıl alırım?,Kart Kayıp
Cüzdanımla birlikte kartlarım da gitti,Kart Kayıp
Kayıp ve çalıntı kart hattı,Kart Kayıp
Kredi kartımın kaybolduğunu bildirmek istiyorum,Kart Kayıp
Kartım ATM'de kaldı,Kart Kayıp
Banka kartım kopyalanmış olabilir,Kart Kayıp
Kayıp kartımı nasıl iptal edebilirim?,Kart Kayıp
Çalınan kartımı bloke etmek istiyorum,Kart Kayıp
Kayıp kartım için başvuruda bulunmak istiyorum,Kart Kayıp
Kartımı kapattıktan sonra yenisi ne zaman gelir?,Kart Kayıp
Kaybolan banka kartımı iptal etme,Kart Kayıp
Acil kart iptali,Kart Kayıp
Çalınan kredi kartımı bildirmek istiyorum,Kart Kayıp
Kayıp banka kartı işlemleri,Kart Kayıp
Kartlarımı geçici olarak bloke edebilir miyim?,Kart Kayıp
Kaybolan kartımın son işlemlerini kontrol edebilir miyim?,Kart Kayıp
hisse senedi almak istiyorum,Hisse Senedi Fon
fon almak istiyorum,Hisse Senedi Fon
serbest fon almak istiyorum,Hisse Senedi Fon
döviz fonu almak istiyorum,Hisse Senedi Fon
döviz fonlarımı öğrenmek istiyorum,Hisse Senedi Fon
fonlarımdaki toplam parayı öğrenmek istiyorum,Hisse Senedi Fon
hisse senetlerimin toplamını öğrenmek istiyorum,Hisse Senedi Fon
hisse senedi bozdurmak istiyorum,Hisse Senedi Fon
Yatırım fonu almak istiyorum,Hisse Senedi Fon
Hisse senedi satmak istiyorum,Hisse Senedi Fon
Portföyümdeki hisseleri göster,Hisse Senedi Fon
Fonlarımın güncel değerini öğrenmek istiyorum,Hisse Senedi Fon
BIST 100 hissesi al,Hisse Senedi Fon
Teknoloji fonlarına yatırım yapmak istiyorum,Hisse Senedi Fon
Yatırım hesabıma hisse senedi alımı,Hisse Senedi Fon
Elimdeki fonları nakde çevirmek istiyorum,Hisse Senedi Fon
Hisse senedi portföyümün değeri ne kadar?,Hisse Senedi Fon
Altın fonu almak istiyorum,Hisse Senedi Fon
Fonlarımın getirisini nasıl görebilirim?,Hisse Senedi Fon
Hisse senedi virman yapmak istiyorum,Hisse Senedi Fon
Yabancı hisse senedi alabilir miyim?,Hisse Senedi Fon
Fon alış talimatı vermek istiyorum,Hisse Senedi Fon
Hisse senedi satış emri ver,Hisse Senedi Fon
Yatırım fonlarımın toplamı ne kadar?,Hisse Senedi Fon
Halka arza katılmak istiyorum,Hisse Senedi Fon
Temettü ödeyen hisseler hangileri?,Hisse Senedi Fon
Borçlanma araçları fonu hakkında bilgi,Hisse Senedi Fon
Fon portföyümü görüntüle,Hisse Senedi Fon
Hisse senedi hesabıma para aktarmak istiyorum,Hisse Senedi Fon
Anlık hisse senedi fiyatları,Hisse Senedi Fon
Fon satış talimatı vermek istiyorum,Hisse Senedi Fon
Hisse senetlerimin kar/zarar durumu,Hisse Senedi Fon
Eurobond fonu al,Hisse Senedi Fon
Kıymetli madenler fonu almak istiyorum,Hisse Senedi Fon
Hisse senedi alım satım saatleri,Hisse Senedi Fon
Fonlarımın dağılımını göster,Hisse Senedi Fon
Değişken fon almak istiyorum,Hisse Senedi Fon
Hisse senedi işlemlerimi listele,Hisse Senedi Fon
Yatırım fonu satışı yapmak istiyorum,Hisse Senedi Fon
Portföyümdeki fonların değeri,Hisse Senedi Fon
Hisse senedi nasıl alınır?,Hisse Senedi Fon
Fon alım satım işlemleri,Hisse Senedi Fon
Elimdeki hisselerin tamamını sat,Hisse Senedi Fon
Yeni bir yatırım fonu almak istiyorum,Hisse Senedi Fon
Hisse senedi piyasası hakkında bilgi,Hisse Senedi Fon
Fonlarımın performansını göster,Hisse Senedi Fon
Belirli bir hisse senedini almak istiyorum,Hisse Senedi Fon
Fon alış satış menüsü,Hisse Senedi Fon
Hisse senetlerimi bozdurma,Hisse Senedi Fon
Yatırım fonu portföyümün güncel durumu,Hisse Senedi Fon
Hisse senedi alım emri vermek istiyorum,Hisse Senedi Fon
Tüm fonlarımı satmak istiyorum,Hisse Senedi Fon
Hisse senedi hesabımda ne kadar para var?,Hisse Senedi Fon
Fon getirilerini karşılaştır,Hisse Senedi Fon
En çok kazandıran hisseler,Hisse Senedi Fon
Hisse senedi yatırımı yapmak istiyorum,Hisse Senedi Fon
gram altın almak istiyorum,Altın Döviz
saat kaça kadar gram altın bozabilirim,Altın Döviz
haftasonu altın alabilir miyim,Altın Döviz
dolar fiyatı nedir,Altın Döviz
euro fiyatı nedir,Altın Döviz
altın fiyatı nedir,Altın Döviz
altın hesabı oluşturmak istiyorum,Altın Döviz
dolar hesabı açmak istiyorum,Altın Döviz
yeni döviz hesabı,Altın Döviz
Güncel döviz kurları,Altın Döviz
Dolar alış satış fiyatı,Altın Döviz
Euro ne kadar?,Altın Döviz
Altın hesabıma para yatırmak istiyorum,Altın Döviz
Döviz hesabı açtırmak istiyorum,Altın Döviz
Hesabımdaki dolarları satmak istiyorum,Altın Döviz
Fiziki altın alabilir miyim?,Altın Döviz
Sterlin kuru nedir?,Altın Döviz
Altın fiyatları anlık,Altın Döviz
Döviz alım satım saatleri,Altın Döviz
Hafta sonu döviz alıp satabilir miyim?,Altın Döviz
Gümüş fiyatı nedir?,Altın Döviz
Vadesiz altın hesabı aç,Altın Döviz
Euro hesabıma para transferi,Altın Döviz
Dolar alacağım,Altın Döviz
Altın satmak istiyorum,Altın Döviz
Döviz kurları listesi,Altın Döviz
Çeyrek altın fiyatı ne kadar?,Altın Döviz
Vadeli döviz hesabı açabilir miyim?,Altın Döviz
Altın alış emri vermek istiyorum,Altın Döviz
Döviz satış talimatı ver,Altın Döviz
Hesabımdaki parayla altın almak istiyorum,Altın Döviz
Japon Yeni ne kadar oldu?,Altın Döviz
Altın hesabımdaki bakiyeyi öğrenmek istiyorum,Altın Döviz
Döviz alım işlemi yapmak istiyorum,Altın Döviz
Altın bozdurma işlemi,Altın Döviz
Mevcut döviz hesaplarımı göster,Altın Döviz
Kanada doları kuru,Altın Döviz
Gece döviz alım satımı yapılıyor mu?,Altın Döviz
Altın hesabı kapatma,Altın Döviz
Dolar hesabıma para yatırmak istiyorum,Altın Döviz
Anlık altın gram fiyatı,Altın Döviz
Döviz transferi yapmak istiyorum,Altın Döviz
Elimdeki Euro'yu TL'ye çevirmek istiyorum,Altın Döviz
24 ayar gram altın ne kadar?,Altın Döviz
Döviz bürosu kurlarından farkı nedir?,Altın Döviz
Altın satış fiyatı nedir?,Altın Döviz
Dolar hesabımı kapatmak istiyorum,Altın Döviz
İsviçre Frangı fiyatı,Altın Döviz
Hesaplarım arasında döviz transferi,Altın Döviz
Altın alım satım makas aralığı ne kadar?,Altın Döviz
Altın birikim hesabım,Altın Döviz
Dolarımı bozdurmak istiyorum,Altın Döviz
Euro al,Altın Döviz
Altın hesabı nasıl açılır?,Altın Döviz
Döviz hesabına EFT yapabilir miyim?,Altın Döviz
Mesai saatleri dışında altın alabilir miyim?,Altın Döviz
fast limit ne kadar,EFT FAST
fast ile para göndermek istiyorum,EFT FAST
babama eft ile para göndermek istiyorum,EFT FAST
anneme havale yapmak istiyorum,EFT FAST
çağrı güngör'e para transferi yapmak istiyorum,EFT FAST
Para transferi yapmak istiyorum,EFT FAST
IBAN'a para göndereceğim,EFT FAST
Havale yapmak istiyorum,EFT FAST
EFT yapmak istiyorum,EFT FAST
FAST limiti ne kadar?,EFT FAST
Para transferi limitimi artırmak istiyorum,EFT FAST
Hesaplarım arasında virman yapmak istiyorum,EFT FAST
Kolay adrese para göndermek istiyorum,EFT FAST
FAST ile ne kadar gönderebilirim?,EFT FAST
EFT saatleri dışında para gönderebilir miyim?,EFT FAST
Para transferi ücreti ne kadar?,EFT FAST
IBAN olmadan para gönderme,EFT FAST
İsme havale yapmak istiyorum,EFT FAST
Kayıtlı alıcıya para gönder,EFT FAST
FAST işlemleri menüsü,EFT FAST
EFT ne zaman hesaba geçer?,EFT FAST
Geçmiş transferlerimi görmek istiyorum,EFT FAST
Havale ücreti var mı?,EFT FAST
Para transferini iptal edebilir miyim?,EFT FAST
GSM numarasına para göndermek istiyorum,EFT FAST
FAST ile anında para gönder,EFT FAST
EFT talimatı vermek istiyorum,EFT FAST
Acil para göndermem lazım,EFT FAST
Hafta sonu EFT yapabilir miyim?,EFT FAST
Başka bankaya para transferi,EFT FAST
Aynı banka içindeki hesaba para aktarma,EFT FAST
Para transferi geçmişim,EFT FAST
FAST günlük işlem limiti nedir?,EFT FAST
Cebe havale nasıl yapılır?,EFT FAST
QR kod ile para transferi,EFT FAST
Para gönderme işlemi,EFT FAST
EFT sorgulama,EFT FAST
Talimatlı EFT'lerim,EFT FAST
FAST para transferi,EFT FAST
İleri tarihli bir EFT yapmak istiyorum,EFT FAST
Para transferi için IBAN sorgulama,EFT FAST
Hesap numarasına para göndereceğim,EFT FAST
Havale/EFT işlemleri,EFT FAST
FAST limitimi nasıl yükseltebilirim?,EFT FAST
Yanlış gönderdiğim parayı nasıl geri alırım?,EFT FAST
En son yaptığım transfer,EFT FAST
Para transferi seçenekleri,EFT FAST
TC kimlik numarasına para gönderme,EFT FAST
FAST nasıl yapılır?,EFT FAST
Mesai saatleri dışında transfer,EFT FAST
Banka ismine göre para gönderme,EFT FAST
Para transferi onayı bekleyen işlemler,EFT FAST
Güvenli para transferi,EFT FAST
yurtdışına para göndermek istiyorum,Swift ve Yurtdışı
yurtdışına para transferi yapmak istiyorum,Swift ve Yurtdışı
yurt dışına ödeme yapmak istiyorum,Swift ve Yurtdışı
almanyadaki kuzenime euro yollamak istiyorum,Swift ve Yurtdışı
SWIFT yapmak istiyorum,Swift ve Yurtdışı
Yabancı bir hesaba para göndereceğim,Swift ve Yurtdışı
Uluslararası para transferi nasıl yapılır?,Swift ve Yurtdışı
Avrupa'daki bir hesaba para göndermek,Swift ve Yurtdışı
SWIFT kodu nedir?,Swift ve Yurtdışı
Yurtdışı para transferi ücretleri,Swift ve Yurtdışı
Amerikaya dolar göndermek istiyorum,Swift ve Yurtdışı
Yurtdışı havale işlemi,Swift ve Yurtdışı
SWIFT ne kadar sürede ulaşır?,Swift ve Yurtdışı
Yurtdışına para transferi için ne gerekli?,Swift ve Yurtdışı
İngiltere'ye sterlin yollayacağım,Swift ve Yurtdışı
Uluslararası fon transferi,Swift ve Yurtdışı
SWIFT masrafı ne kadar?,Swift ve Yurtdışı
Yurtdışındaki bir şirkete ödeme yapacağım,Swift ve Yurtdışı
Yabancı para birimi transferi,Swift ve Yurtdışı
IBAN ile yurtdışına para gönderilir mi?,Swift ve Yurtdışı
SWIFT takip numarası,Swift ve Yurtdışı
Yurtdışı para transferi limitleri,Swift ve Yurtdışı
İsviçre'ye Frank göndermek istiyorum,Swift ve Yurtdışı
Yurtdışından gelen parayı nasıl alırım?,Swift ve Yurtdışı
SWIFT işlemi yapmak için bilgiler,Swift ve Yurtdışı
Yurtdışındaki öğrenciye para gönderme,Swift ve Yurtdışı
Uluslararası ödeme emri,Swift ve Yurtdışı
SWIFT muhabir banka masrafı nedir?,Swift ve Yurtdışı
Yurtdışı para transferi sorgulama,Swift ve Yurtdışı
Kanada'ya para göndereceğim,Swift ve Yurtdışı
Uluslararası para transferi seçenekleri,Swift ve Yurtdışı
SWIFT ile Euro transferi,Swift ve Yurtdışı
Yurtdışındaki alıcının banka bilgileri,Swift ve Yurtdışı
Yabancı bir ülkeye para yollama,Swift ve Yurtdışı
SWIFT işlemi iptal edilebilir mi?,Swift ve Yurtdışı
Yurtdışı para transferi nasıl takip edilir?,Swift ve Yurtdışı
Avustralya'ya para transferi,Swift ve Yurtdışı
SWIFT para transferi,Swift ve Yurtdışı
Yurtdışına hangi para birimlerini gönderebilirim?,Swift ve Yurtdışı
Çin'e para göndermek istiyorum,Swift ve Yurtdışı
Uluslararası ticaret ödemesi,Swift ve Yurtdışı
Yurtdışı para transferi için gereken belgeler,Swift ve Yurtdışı
SWIFT işlemleri menüsü,Swift ve Yurtdışı
Rusya'ya para gönderebilir miyim?,Swift ve Yurtdışı
Yurtdışına en ucuz para gönderme yolu,Swift ve Yurtdışı
SWIFT transferimin durumunu öğrenmek istiyorum,Swift ve Yurtdışı
Yurtdışına para gönderirken nelere dikkat etmeliyim?,Swift ve Yurtdışı
Uluslararası para transferi yap,Swift ve Yurtdışı
Yurtdışı alıcıya para gönder,Swift ve Yurtdışı
Fransa'ya para yollamak,Swift ve Yurtdışı
SWIFT ile Dolar gönderme,Swift ve Yurtdışı
Yurtdışı ödemesi yap,Swift ve Yurtdışı
kredi kartımı internet kullanımına açmak istiyorum,İnternete açma
internette satın almaya açmak istiyorum,İnternete açma
kartım internette çalışsın istiyorum,İnternete açma
Kartımı e-ticarete açmak istiyorum,İnternete açma
Online alışveriş için kartımı nasıl açarım?,İnternete açma
Kredi kartımı internet alışverişine açtırmak,İnternete açma
Banka kartımı internet kullanımına açabilir miyim?,İnternete açma
Kartım internette neden çalışmıyor?,İnternete açma
Online ödeme yapmak için kartımı aktifleştir,İnternete açma
Kartımın internet yetkisini açmak istiyorum,İnternete açma
İnternetten alışveriş yapamıyorum,İnternete açma
Kartımı online işlemlere açtırma,İnternete açma
E-ticaret onayı vermek istiyorum,İnternete açma
Kredi kartı internet alışverişi onayı,İnternete açma
Banka kartımı internetten kullanıma aç,İnternete açma
Kartımın internet ayarlarını değiştirmek istiyorum,İnternete açma
Online harcama izni vermek istiyorum,İnternete açma
İnternet alışverişi için kart onayı,İnternete açma
Kredi kartı e-ticaret aktivasyonu,İnternete açma
Kartımı internet kullanımına kapatmak istiyorum,İnternete açma
İnternet alışveriş limitimi değiştirmek istiyorum,İnternete açma
Kartımın online kullanımını aktifleştirme,İnternete açma
Banka kartımla internetten alışveriş yapacağım,İnternete açma
Kartımı sadece yurtiçi online alışverişe açmak istiyorum,İnternete açma
İnternet alışverişine açma işlemi,İnternete açma
Kartımın internet yetkisini kontrol etmek istiyorum,İnternete açma
Online alışveriş kilidini aç,İnternete açma
Kredi kartımı internete nasıl açarım?,İnternete açma
Kartımı internet harcamalarına açtırmak istiyorum,İnternete açma
Sanal kartımı internet alışverişine açmak,İnternete açma
Kartım online ödemeleri kabul etmiyor,İnternete açma
İnternet kullanım izni,İnternete açma
Kredi kartımı online platformlarda kullanmak için,İnternete açma
Banka kartımın e-ticaret yetkisi,İnternete açma
Kartımı internete açma menüsü,İnternete açma
Online alışveriş için kartımı hazır hale getir,İnternete açma
Kartımın internet alışverişi ayarları,İnternete açma
E-ticaret için kartımı etkinleştirin,İnternete açma
Kartımı neden internette kullanamıyorum?,İnternete açma
İnternet harcamaları için kartımı onaylatmak istiyorum,İnternete açma
Kredi kartı online kullanım açma,İnternete açma
Banka kartını e-ticarete açma,İnternete açma
Kartımın internet alışverişini aktif et,İnternete açma
Online alışveriş için kartımı kullanıma açma,İnternete açma
Kartımın internet blokesini kaldır,İnternete açma
İnternet üzerinden alışveriş yapmak için kart ayarları,İnternete açma
Kartımı web sitelerinde kullanmak istiyorum,İnternete açma
E-ticaret izni ver,İnternete açma
Kartım internet işlemlerine açılsın,İnternete açma
kredi başvurusu yapmak istiyorum,Kredi Başvurusu
ihtiyaç kredisi çekmek istiyorum,Kredi Başvurusu
konut kredisi başvuru yapmak istiyorum,Kredi Başvurusu
kredi oranlarını öğrenmek istiyorum,Kredi Başvurusu
kredi faiz bilgilerini öğrenmek istiyorum,Kredi Başvurusu
faizsiz kredi almak istiyorum,Kredi Başvurusu
kredi başvurum hakkında bilgi almak istiyorum,Kredi Başvurusu
Taşıt kredisi başvurusu yapacağım,Kredi Başvurusu
Kredi faiz oranları ne kadar?,Kredi Başvurusu
Bireysel kredi başvurusu,Kredi Başvurusu
Ne kadar kredi çekebilirim?,Kredi Başvurusu
Kredi başvurumun sonucunu öğrenmek istiyorum,Kredi Başvurusu
Ev kredisi için başvuru,Kredi Başvurusu
Kredi hesaplama yapmak istiyorum,Kredi Başvurusu
Acil nakit ihtiyacım için kredi,Kredi Başvurusu
Kredi başvuru şartları nelerdir?,Kredi Başvurusu
Düşük faizli kredi arıyorum,Kredi Başvurusu
Kredi başvurumu nasıl takip edebilirim?,Kredi Başvurusu
Araba kredisi faiz oranları,Kredi Başvurusu
Kredi başvurusu için gerekli belgeler,Kredi Başvurusu
Onaylanan kredimi nasıl kullanırım?,Kredi Başvurusu
İhtiyaç kredisi faizleri,Kredi Başvurusu
Ev almak için kredi çekmek istiyorum,Kredi Başvurusu
Kredi taksitlerim ne kadar olur?,Kredi Başvurusu
Kredi başvurum neden reddedildi?,Kredi Başvurusu
Esnaf kredisi başvurusu,Kredi Başvurusu
Kredi notumu öğrenmek istiyorum,Kredi Başvurusu
Borç kapatma kredisi çekmek istiyorum,Kredi Başvurusu
Kredi başvurusu yap,Kredi Başvurusu
Güncel kredi kampanyaları,Kredi Başvurusu
Mortgage başvurusu yapmak istiyorum,Kredi Başvurusu
Kredi geri ödeme planı,Kredi Başvurusu
İhtiyaç kredisi hesaplama,Kredi Başvurusu
Taşıt kredisi oranları,Kredi Başvurusu
Kredi başvurumu yenilemek istiyorum,Kredi Başvurusu
Ön onaylı kredim var mı?,Kredi Başvurusu
Konut kredisi uzmanıyla görüşmek istiyorum,Kredi Başvurusu
Kredi çekmek için ne yapmalıyım?,Kredi Başvurusu
Faizsiz ihtiyaç kredisi var mı?,Kredi Başvurusu
Kredi başvurum ne durumda?,Kredi Başvurusu
